precision,recall,f1
0.7869507323567527,0.5909999999999409,0.6750428326179814
