experiment,precision,recall,f1,pairs
Bloom + Rule,0.07442489851150136,0.8249999999999175,0.13653289199971222,198791
CLK + Rule,0.7841823056299216,0.5849999999999415,0.6701030927344864,198791
CLK + Rule + SMPC,0.004316025634576491,0.4289999999999571,0.008546072091815396,198791
