experiment,precision,recall,f1,pairs
Bloom + Rule,0.07442489851150136,0.8249999999999175,0.13653289199971222,198791
CLK + Rule,0.7841823056299216,0.5849999999999415,0.6701030927344864,198791
CLK + Rule + SMPC,0.003963942210954159,0.3939999999999606,0.007848918281624673,198791
